<?xml version="1.0" encoding="UTF-8"?>
<project-private xmlns="http://www.netbeans.org/ns/project-private/1">
    <editor-bookmarks xmlns="http://www.netbeans.org/ns/editor-bookmarks/2" lastBookmarkId="0"/>
    <open-files xmlns="http://www.netbeans.org/ns/projectui-open-files/2">
        <group>
            <file>file:/Users/Juan/Desktop/EjemploSwing/src/animacionciudad/PanelControles.java</file>
            <file>file:/Users/Juan/Desktop/EjemploSwing/src/animacionciudad/VentanaPrincipal.java</file>
            <file>file:/Users/Juan/Desktop/EjemploSwing/src/animacionciudad/AnimacionCiudad.java</file>
            <file>file:/Users/Juan/Desktop/EjemploSwing/src/animacionciudad/PanelCiudad.java</file>
        </group>
    </open-files>
</project-private>
